url,title,title_length,meta_description,meta_description_length,h1_count,h1_content,h2_count,total_images,images_without_alt,word_count,description_word_count,price,category
https://www.jumia.ma/32-smart-tv-android-13-recepteur-integre-tnt-buy-sat-mpg1398121.html,BUY SAT 32'' SMART TV - ANDROID 14 - Récepteur Intégré & TNT – HD,65,"Achetez 32'' SMART TV - ANDROID 14 - Récepteur Intégré & TNT – HD en ligne sur Jumia Maroc  ✔ Meilleur prix au Maroc disponible sur Jumia.ma ✔ Achat Smart TV BUY SAT pas cher, avis et prix en DH ➤ Livraison express & paiement à la livraison ✈ Commandez maintenant !",265,2,BUY SAT 32'' SMART TV - ANDROID 14 - Récepteur Intégré & TNT – HD | Récepteur intégré + TNT + WI-FI + ANDROID,22,22,12,1282,0,N/A,N/A
https://www.jumia.ma/tp-link-camera-surveillance-wifitapo-c200-camera-ip-1080p-sans-fil-avec-vision-nocturne-37097641.html,"TP-Link Caméra Surveillance WiFi,Tapo C200 camera ip 1080P sans Fil avec Vision Nocturne",88,"Achetez Caméra Surveillance WiFi,Tapo C200 camera ip 1080P sans Fil avec Vision Nocturne en ligne sur Jumia Maroc  ✔ Meilleur prix au Maroc disponible sur Jumia.ma ✔ Achat Caméras de surveillance TP-Link pas cher, avis et prix en DH ➤ Livraison express & paiement à la livraison ✈ Commandez maintenant !",303,2,"TP-Link Caméra Surveillance WiFi,Tapo C200 camera ip 1080P sans Fil avec Vision Nocturne | TP-Link Caméra Surveillance WiFi, Tapo camera ip 1080P sans Fil avec Vision Nocturne Détection de Mouvement, Caméra Bébé avec Audio Bidirectionnel Pan/Tilt(Tapo C200)",14,34,18,1114,0,N/A,N/A
https://www.jumia.ma/digiclass-tv-32-android-frameless-ultraslim-32sp3222-noir-65679180.html,Digiclass TV 32’’ Android Frameless Ultraslim - 32SP3222 – Noir,63,"Achetez TV 32’’ Android Frameless Ultraslim - 32SP3222 – Noir en ligne sur Jumia Maroc  ✔ Meilleur prix au Maroc disponible sur Jumia.ma ✔ Achat TV LED & LCD Digiclass pas cher, avis et prix en DH ➤ Livraison express & paiement à la livraison ✈ Commandez maintenant !",267,1,Digiclass TV 32’’ Android Frameless Ultraslim - 32SP3222 – Noir,15,19,12,1080,0,N/A,N/A
https://www.jumia.ma/generic-videoprojecteur-portable-hd-4k-android-tv-avec-wifi-6-et-bluetooth-5.0-support-rotatif-a-270-correction-automatique-avec-telecommande-pour-home-cinema-chambre-tv-stick-usb-dvd-jeux-ppt-66224122.html,"Vidéoprojecteur Portable HD 4K Android TV avec WiFi 6 et Bluetooth 5.0, Support Rotatif à 270° Correction Automatique avec télécommande pour Home Cinéma, Chambre, TV Stick, USB, DVD, Jeux, PPT",192,"Achetez Vidéoprojecteur Portable HD 4K Android TV avec WiFi 6 et Bluetooth 5.0, Support Rotatif à 270° Correction Automatique avec télécommande pour Home Cinéma, Chambre, TV Stick, USB, DVD, Jeux, PPT en ligne sur Jumia Maroc  ✔ Meilleur prix au Maroc disponible sur Jumia.ma ✔ Achat Vidéoprojecteurs Generic pas cher, avis et prix en DH ➤ Livraison express & paiement à la livraison ✈ Commandez maintenant !",408,1,"Vidéoprojecteur Portable HD 4K Android TV avec WiFi 6 et Bluetooth 5.0, Support Rotatif à 270° Correction Automatique avec télécommande pour Home Cinéma, Chambre, TV Stick, USB, DVD, Jeux, PPT",15,56,37,1195,0,N/A,N/A
https://www.jumia.ma/lp-smart-tv-32-android-14.0-resolution-1366768-2-hdmi-1-usb-compatible-dvb-t2s2-wifi-67295877.html,"LP  Smart TV 32"" - Android 14.0 - Résolution 1366×768 - 2 HDMI + 1 USB - Compatible DVB-T2/S2 - WiFi",100,"Achetez  Smart TV 32"" - Android 14.0 - Résolution 1366×768 - 2 HDMI + 1 USB - Compatible DVB-T2/S2 - WiFi en ligne sur Jumia Maroc  ✔ Meilleur prix au Maroc disponible sur Jumia.ma ✔ Achat Smart TV LP pas cher, avis et prix en DH ➤ Livraison express & paiement à la livraison ✈ Commandez maintenant !",300,1,"LP  Smart TV 32"" - Android 14.0 - Résolution 1366×768 - 2 HDMI + 1 USB - Compatible DVB-T2/S2 - WiFi",19,40,19,1050,0,N/A,N/A
https://www.jumia.ma/xiaomi-tv-32-6a-pro-l32m8-a2me-64770614.html,"XIAOMI TV 32"" (6A Pro) L32M8-A2ME",33,"Achetez TV 32"" (6A Pro) L32M8-A2ME en ligne sur Jumia Maroc  ✔ Meilleur prix au Maroc disponible sur Jumia.ma ✔ Achat Smart TV XIAOMI pas cher, avis et prix en DH ➤ Livraison express & paiement à la livraison ✈ Commandez maintenant !",233,1,"XIAOMI TV 32"" (6A Pro) L32M8-A2ME",15,25,12,1088,0,N/A,N/A
https://www.jumia.ma/tp-link-camera-surveillance-wifitapo-camera-ip-1080p-sans-fil-62172946.html,"TP-Link Caméra Surveillance WiFi,Tapo camera ip 1080P sans Fil",62,"Achetez Caméra Surveillance WiFi,Tapo camera ip 1080P sans Fil en ligne sur Jumia Maroc  ✔ Meilleur prix au Maroc disponible sur Jumia.ma ✔ Achat Caméras de surveillance TP-Link pas cher, avis et prix en DH ➤ Livraison express & paiement à la livraison ✈ Commandez maintenant !",277,1,"TP-Link Caméra Surveillance WiFi,Tapo camera ip 1080P sans Fil",14,35,18,1201,0,N/A,N/A
https://www.jumia.ma/32-led-tv-full-hd-noirrecepteur-integre-tnt-visio-mpg39430.html,"Visio 32"" TV HD LED - Récepteur intégré + TNT - Garantie - Noir",63,"Achetez 32"" TV HD LED - Récepteur intégré + TNT - Garantie - Noir en ligne sur Jumia Maroc  ✔ Meilleur prix au Maroc disponible sur Jumia.ma ✔ Achat TV LED & LCD Visio pas cher, avis et prix en DH ➤ Livraison express & paiement à la livraison ✈ Commandez maintenant !",267,1,"Visio 32"" TV HD LED - Récepteur intégré + TNT - Garantie - Noir",15,27,18,945,0,N/A,N/A
https://www.jumia.ma/lp-smart-tv-43-pouces-image-full-hd-android-14.0-wifi-ideale-pour-salonfamille-tuner-tv-numerique-67295878.html,LP Smart TV 43 pouces - Image Full HD - Android 14.0 - WiFi - Idéale pour salon/famille - Tuner TV numérique,108,"Achetez Smart TV 43 pouces - Image Full HD - Android 14.0 - WiFi - Idéale pour salon/famille - Tuner TV numérique en ligne sur Jumia Maroc  ✔ Meilleur prix au Maroc disponible sur Jumia.ma ✔ Achat Smart TV LP pas cher, avis et prix en DH ➤ Livraison express & paiement à la livraison ✈ Commandez maintenant !",308,1,LP Smart TV 43 pouces - Image Full HD - Android 14.0 - WiFi - Idéale pour salon/famille - Tuner TV numérique,15,40,19,1063,0,N/A,N/A
https://www.jumia.ma/revolution-box-tv-x197-android-14-ultra-hd-ram-2go-stockage-16go-12-mois-dabonnement-65775092.html,REVOLUTION Box TV X197 Android 14 Ultra HD RAM 2Go Stockage 16Go + 12 mois d'abonnement,87,"Achetez Box TV X197 Android 14 Ultra HD RAM 2Go Stockage 16Go + 12 mois d'abonnement  en ligne sur Jumia Maroc  ✔ Meilleur prix au Maroc disponible sur Jumia.ma ✔ Achat TV Box REVOLUTION pas cher, avis et prix en DH ➤ Livraison express & paiement à la livraison ✈ Commandez maintenant !",286,1,REVOLUTION Box TV X197 Android 14 Ultra HD RAM 2Go Stockage 16Go + 12 mois d'abonnement,14,21,18,973,0,N/A,N/A
https://www.jumia.ma/32-qled-full-hd-smart-google-tv-dolby-audio-design-sans-bordure-support-gratuit-32s5k-tcl-mpg1544971.html,"TCL 32 QLED Full HD Smart Google TV, Dolby Audio, Design sans bordure + Support Gratuit, 32S5K",94,"Achetez 32 QLED Full HD Smart Google TV, Dolby Audio, Design sans bordure + Support Gratuit, 32S5K en ligne sur Jumia Maroc  ✔ Meilleur prix au Maroc disponible sur Jumia.ma ✔ Achat Smart TV TCL pas cher, avis et prix en DH ➤ Livraison express & paiement à la livraison ✈ Commandez maintenant !",294,1,"TCL 32 QLED Full HD Smart Google TV, Dolby Audio, Design sans bordure + Support Gratuit, 32S5K",17,42,28,1160,0,N/A,N/A
https://www.jumia.ma/smart-tv-32-google-tvtm-hd-google-assistanttm-bluetoothtm-dolbytm-support-mural-visio-mpg1481724.html,"Visio 32 HD Smart Google TV Dolby Audio, Bluetooth et WiFi, Find my remote + Support Gratuit",92,"Achetez 32 HD Smart Google TV Dolby Audio, Bluetooth et WiFi, Find my remote + Support Gratuit en ligne sur Jumia Maroc  ✔ Meilleur prix au Maroc disponible sur Jumia.ma ✔ Achat Smart TV Visio pas cher, avis et prix en DH ➤ Livraison express & paiement à la livraison ✈ Commandez maintenant !",292,1,"Visio 32 HD Smart Google TV Dolby Audio, Bluetooth et WiFi, Find my remote + Support Gratuit",15,35,20,1053,0,N/A,N/A
https://www.jumia.ma/echolink-smart-tv-32-qled-android-14-recepteur-integre-3-hd-support-mural-67247135.html,"Echolink Smart TV 32"" QLED - Android 14 - Récepteur Intégré - 3 HD + Support Mural",82,"Achetez Smart TV 32"" QLED - Android 14 - Récepteur Intégré - 3 HD + Support Mural en ligne sur Jumia Maroc  ✔ Meilleur prix au Maroc disponible sur Jumia.ma ✔ Achat Smart TV Echolink pas cher, avis et prix en DH ➤ Livraison express & paiement à la livraison ✈ Commandez maintenant !",282,1,"Echolink Smart TV 32"" QLED - Android 14 - Récepteur Intégré - 3 HD + Support Mural",15,34,19,1212,0,N/A,N/A
https://www.jumia.ma/vision-recepteur-amigo-4-plus-abonnement-12-mois-67315505.html,Vision Recepteur AMIGO 4 Plus + Abonnement 12 Mois,50,"Achetez Recepteur AMIGO 4 Plus + Abonnement 12 Mois en ligne sur Jumia Maroc  ✔ Meilleur prix au Maroc disponible sur Jumia.ma ✔ Achat TV Box Vision pas cher, avis et prix en DH ➤ Livraison express & paiement à la livraison ✈ Commandez maintenant !",248,1,Vision Recepteur AMIGO 4 Plus + Abonnement 12 Mois,12,22,19,887,0,N/A,N/A
https://www.jumia.ma/tapo-c310-exterieure-camera-de-surveillance-wifi-camera-de-securite-ip-3mp-tp-link-mpg1524611.html,"TP-Link Tapo C310 Extérieure Caméra de Surveillance WiFi, Caméra de sécurité ip 3Mp",83,"Achetez Tapo C310 Extérieure Caméra de Surveillance WiFi, Caméra de sécurité ip 3Mp en ligne sur Jumia Maroc  ✔ Meilleur prix au Maroc disponible sur Jumia.ma ✔ Achat Caméras de surveillance TP-Link pas cher, avis et prix en DH ➤ Livraison express & paiement à la livraison ✈ Commandez maintenant !",298,1,"TP-Link Tapo C310 Extérieure Caméra de Surveillance WiFi, Caméra de sécurité ip 3Mp",15,32,18,1124,0,N/A,N/A
https://www.jumia.ma/roch-led-smart-tv-32-pouce-android-13-sans-cadre-avec-support-gratuit-garantie-12-mois-65756776.html,Roch LED - Smart TV - 32 pouce Android 13 Sans cadre avec support GRATUIT (garantie 12 mois),92,"Achetez LED - Smart TV - 32 pouce Android 13 Sans cadre avec support GRATUIT (garantie 12 mois) en ligne sur Jumia Maroc  ✔ Meilleur prix au Maroc disponible sur Jumia.ma ✔ Achat Smart TV Roch pas cher, avis et prix en DH ➤ Livraison express & paiement à la livraison ✈ Commandez maintenant !",292,1,Roch LED - Smart TV - 32 pouce Android 13 Sans cadre avec support GRATUIT (garantie 12 mois),14,26,18,1028,0,N/A,N/A
https://www.jumia.ma/vision-smart-tv-led-32-android-abonnement-chaine-12-mois-67315506.html,"Vision Smart TV LED 32"" Android + Abonnement Chaine 12 Mois",59,"Achetez Smart TV LED 32"" Android + Abonnement Chaine 12 Mois en ligne sur Jumia Maroc  ✔ Meilleur prix au Maroc disponible sur Jumia.ma ✔ Achat Smart TV Vision pas cher, avis et prix en DH ➤ Livraison express & paiement à la livraison ✈ Commandez maintenant !",259,1,"Vision Smart TV LED 32"" Android + Abonnement Chaine 12 Mois",14,24,18,956,0,N/A,N/A
https://www.jumia.ma/astro-lighting-ring-light-pour-makeup-artist-youtuber-live-video-photography-26-cm-trepied-2m-39666935.html,Astro Lighting Ring Light pour Makeup Artist YouTuber Live Video Photography 26 cm + trépied 2m,95,"Achetez Ring Light pour Makeup Artist YouTuber Live Video Photography 26 cm + trépied 2m en ligne sur Jumia Maroc  ✔ Meilleur prix au Maroc disponible sur Jumia.ma ✔ Achat Flash Astro Lighting pas cher, avis et prix en DH ➤ Livraison express & paiement à la livraison ✈ Commandez maintenant !",292,1,Astro Lighting Ring Light pour Makeup Artist YouTuber Live Video Photography 26 cm + trépied 2m,15,32,18,1014,0,N/A,N/A
https://www.jumia.ma/pro-smart-tv-box-dual-wifi-4go64go-allwinner-h616-6k-android-15-x96-mpg1539036.html,X96 PRO Smart TV BOX Dual Wifi 4Go+64Go Allwinner H616 6K ANDROID 15,68,"Achetez PRO Smart TV BOX Dual Wifi 4Go+64Go Allwinner H616 6K ANDROID 15 en ligne sur Jumia Maroc  ✔ Meilleur prix au Maroc disponible sur Jumia.ma ✔ Achat TV Box X96 pas cher, avis et prix en DH ➤ Livraison express & paiement à la livraison ✈ Commandez maintenant !",266,1,X96 PRO Smart TV BOX Dual Wifi 4Go+64Go Allwinner H616 6K ANDROID 15,16,32,18,1201,0,N/A,N/A
https://www.jumia.ma/generic-telecommande-pour-samsung-smart-tv-led-lcd-oled-qled-plasma-3d-smart-64464504.html,Télécommande pour Samsung Smart TV LED -LCD -OLED -QLED -PLASMA-3D- -SMART,74,"Achetez Télécommande pour Samsung Smart TV LED -LCD -OLED -QLED -PLASMA-3D- -SMART en ligne sur Jumia Maroc  ✔ Meilleur prix au Maroc disponible sur Jumia.ma ✔ Achat Télécommandes TV Generic pas cher, avis et prix en DH ➤ Livraison express & paiement à la livraison ✈ Commandez maintenant !",290,1,Télécommande pour Samsung Smart TV LED -LCD -OLED -QLED -PLASMA-3D- -SMART,14,21,18,757,0,N/A,N/A
https://www.jumia.ma/43-smart-tv-full-hd-systeme-whaleos-avec-dolby-audio-recepteur-integre-tnt-hd-sonic-mpg1544535.html,"Sonic 43 Smart TV Full HD Système WhaleOS avec Dolby Audio, Récepteur Intégré, TNT HD",85,"Achetez 43 Smart TV Full HD Système WhaleOS avec Dolby Audio, Récepteur Intégré, TNT HD en ligne sur Jumia Maroc  ✔ Meilleur prix au Maroc disponible sur Jumia.ma ✔ Achat Smart TV Sonic pas cher, avis et prix en DH ➤ Livraison express & paiement à la livraison ✈ Commandez maintenant !",285,1,"Sonic 43 Smart TV Full HD Système WhaleOS avec Dolby Audio, Récepteur Intégré, TNT HD",15,21,18,1042,0,N/A,N/A
https://www.jumia.ma/xiaomi-50-smart-tv-a-2026-l50mb-ame-67181839.html,"XIAOMI 50"" - Smart TV A 2026 - L50MB - AME",42,"Achetez 50"" - Smart TV A 2026 - L50MB - AME en ligne sur Jumia Maroc  ✔ Meilleur prix au Maroc disponible sur Jumia.ma ✔ Achat Smart TV XIAOMI pas cher, avis et prix en DH ➤ Livraison express & paiement à la livraison ✈ Commandez maintenant !",242,1,"XIAOMI 50"" - Smart TV A 2026 - L50MB - AME",15,23,13,1122,0,N/A,N/A
https://www.jumia.ma/generic-ring-light-led-33cm-avec-trepied-et-support-telephone-selfie-ringlight-pour-live-videomaquillagevlog-40800725.html,"Ring Light LED 33cm avec Trepied et Support Telephone, Selfie RingLight pour Live Video/Maquillage/Vlog",103,"Achetez Ring Light LED 33cm avec Trepied et Support Telephone, Selfie RingLight pour Live Video/Maquillage/Vlog en ligne sur Jumia Maroc  ✔ Meilleur prix au Maroc disponible sur Jumia.ma ✔ Achat Flash Generic pas cher, avis et prix en DH ➤ Livraison express & paiement à la livraison ✈ Commandez maintenant !",308,1,"Ring Light LED 33cm avec Trepied et Support Telephone, Selfie RingLight pour Live Video/Maquillage/Vlog",14,30,18,984,0,N/A,N/A
https://www.jumia.ma/generic-3-lentilles-3-ecrans-camera-solaire-4g-15mp-hd-surveillance-exterieure-securite-moniteur-ip-vision-nocturne-cameras-de-videosurveillance-etanches-v380pro-67228364.html,3 lentilles 3 écrans caméra solaire 4G 15MP HD Surveillance extérieure sécurité moniteur IP Vision nocturne caméras de vidéosurveillance étanches V380pro,153,"Achetez 3 lentilles 3 écrans caméra solaire 4G 15MP HD Surveillance extérieure sécurité moniteur IP Vision nocturne caméras de vidéosurveillance étanches V380pro en ligne sur Jumia Maroc  ✔ Meilleur prix au Maroc disponible sur Jumia.ma ✔ Achat Caméras de surveillance Generic pas cher, avis et prix en DH ➤ Livraison express & paiement à la livraison ✈ Commandez maintenant !",376,1,3 lentilles 3 écrans caméra solaire 4G 15MP HD Surveillance extérieure sécurité moniteur IP Vision nocturne caméras de vidéosurveillance étanches V380pro,14,56,38,1557,0,N/A,N/A
https://www.jumia.ma/40-full-hd-tizen-os-smart-tv-hdr-smart-hub-et-telecommande-unique-airplay-2-support-gratuit-samsung-mpg1544712.html,"Samsung 40 Full HD Tizen OS Smart Tv, HDR, Smart Hub et Télécommande Unique, Airplay 2 + Support Gratuit",104,"Achetez 40 Full HD Tizen OS Smart Tv, HDR, Smart Hub et Télécommande Unique, Airplay 2 + Support Gratuit en ligne sur Jumia Maroc  ✔ Meilleur prix au Maroc disponible sur Jumia.ma ✔ Achat Smart TV Samsung pas cher, avis et prix en DH ➤ Livraison express & paiement à la livraison ✈ Commandez maintenant !",304,1,"Samsung 40 Full HD Tizen OS Smart Tv, HDR, Smart Hub et Télécommande Unique, Airplay 2 + Support Gratuit",15,39,24,1153,0,N/A,N/A
https://www.jumia.ma/55-qled-4k-uhd-television-intelligente-google-dolby-vision-hdr10-mince-corps-uni-55p7k-tcl-mpg1544554.html,"TCL 55 QLED 4K UHD Télévision Intelligente Google, Dolby Vision HDR10+, Mince & Corps Uni, 55P7K",96,"Achetez 55 QLED 4K UHD Télévision Intelligente Google, Dolby Vision HDR10+, Mince & Corps Uni, 55P7K en ligne sur Jumia Maroc  ✔ Meilleur prix au Maroc disponible sur Jumia.ma ✔ Achat Smart TV TCL pas cher, avis et prix en DH ➤ Livraison express & paiement à la livraison ✈ Commandez maintenant !",296,1,"TCL 55 QLED 4K UHD Télévision Intelligente Google, Dolby Vision HDR10+, Mince & Corps Uni, 55P7K",15,42,28,1101,0,N/A,N/A
https://www.jumia.ma/43-fhd-smart-google-tv-original-tele-vocale-trouver-ma-telecommande-bluetooth-support-gratuit-visio-mpg1544711.html,"Visio 43 FHD Smart Google Tv Original, Télé Vocale + Trouver ma télécommande, Bluetooth + Support Gratuit",105,"Achetez 43 FHD Smart Google Tv Original, Télé Vocale + Trouver ma télécommande, Bluetooth + Support Gratuit en ligne sur Jumia Maroc  ✔ Meilleur prix au Maroc disponible sur Jumia.ma ✔ Achat Smart TV Visio pas cher, avis et prix en DH ➤ Livraison express & paiement à la livraison ✈ Commandez maintenant !",305,1,"Visio 43 FHD Smart Google Tv Original, Télé Vocale + Trouver ma télécommande, Bluetooth + Support Gratuit",15,30,20,1053,0,N/A,N/A
https://www.jumia.ma/xiaomi-mi-tv-box-s-3rd-gen-4k-32gb-wifi-6-google-tv-3eme-generation-modele-2025-67142324.html,XIAOMI MI TV Box S (3rd Gen) - 4K 32GB WiFi 6 Google TV - 3ème génération Modèle 2025,85,"Achetez MI TV Box S (3rd Gen) - 4K 32GB WiFi 6 Google TV - 3ème génération Modèle 2025 en ligne sur Jumia Maroc  ✔ Meilleur prix au Maroc disponible sur Jumia.ma ✔ Achat TV Box XIAOMI pas cher, avis et prix en DH ➤ Livraison express & paiement à la livraison ✈ Commandez maintenant !",283,1,XIAOMI MI TV Box S (3rd Gen) - 4K 32GB WiFi 6 Google TV - 3ème génération Modèle 2025,16,34,18,1054,0,N/A,N/A
https://www.jumia.ma/vision-smart-tv-led-43-android-abonnement-chaine-12-mois-67315511.html,"Vision Smart TV LED 43"" Android + Abonnement Chaine 12 Mois",59,"Achetez Smart TV LED 43"" Android + Abonnement Chaine 12 Mois en ligne sur Jumia Maroc  ✔ Meilleur prix au Maroc disponible sur Jumia.ma ✔ Achat Smart TV Vision pas cher, avis et prix en DH ➤ Livraison express & paiement à la livraison ✈ Commandez maintenant !",259,1,"Vision Smart TV LED 43"" Android + Abonnement Chaine 12 Mois",12,25,19,943,0,N/A,N/A
https://www.jumia.ma/generic-camera-de-securite-exterieure-avec-ampoule-3mp-wifi-2.4g-360-64188438.html,Caméra de sécurité extérieure avec ampoule 3mp WiFi 2.4G -360°,62,"Achetez Caméra de sécurité extérieure avec ampoule 3mp WiFi 2.4G -360° en ligne sur Jumia Maroc  ✔ Meilleur prix au Maroc disponible sur Jumia.ma ✔ Achat Caméras de surveillance Generic pas cher, avis et prix en DH ➤ Livraison express & paiement à la livraison ✈ Commandez maintenant !",285,1,Caméra de sécurité extérieure avec ampoule 3mp WiFi 2.4G -360°,14,42,18,1070,0,N/A,N/A
https://www.jumia.ma/support-mural-tv-led-galaxy-n470-26-a-60-pouces-40-kg-vesa-revolution-mpg1544713.html,"REVOLUTION Support mural TV LED Galaxy N°470, 26 à 60 pouces, 40 kg, VESA",73,"Achetez Support mural TV LED Galaxy N°470, 26 à 60 pouces, 40 kg, VESA en ligne sur Jumia Maroc  ✔ Meilleur prix au Maroc disponible sur Jumia.ma ✔ Achat TV plafond et supports muraux REVOLUTION pas cher, avis et prix en DH ➤ Livraison express & paiement à la livraison ✈ Commandez maintenant !",294,1,"REVOLUTION Support mural TV LED Galaxy N°470, 26 à 60 pouces, 40 kg, VESA",15,21,18,1013,0,N/A,N/A
https://www.jumia.ma/echolink-40-smart-tv-frameless-fhd-android-14-recepteur-integre-hdmi-support-mural-cadeau-67314501.html,Echolink 40 Smart TV Frameless FHD - ANDROID 14 - Récepteur Intégré HDMI + Support Mural cadeau,95,"Achetez 40 Smart TV Frameless FHD - ANDROID 14 - Récepteur Intégré HDMI + Support Mural cadeau en ligne sur Jumia Maroc  ✔ Meilleur prix au Maroc disponible sur Jumia.ma ✔ Achat Smart TV Echolink pas cher, avis et prix en DH ➤ Livraison express & paiement à la livraison ✈ Commandez maintenant !",295,1,Echolink 40 Smart TV Frameless FHD - ANDROID 14 - Récepteur Intégré HDMI + Support Mural cadeau,13,25,19,1004,0,N/A,N/A
https://www.jumia.ma/generic-antenne-tnt-tv-numerique-interieure-a-gain-eleve-64217699.html,Antenne TNT TV numérique intérieure à gain élevé,48,"Achetez Antenne TNT TV numérique intérieure à gain élevé en ligne sur Jumia Maroc  ✔ Meilleur prix au Maroc disponible sur Jumia.ma ✔ Achat Antennes TV Generic pas cher, avis et prix en DH ➤ Livraison express & paiement à la livraison ✈ Commandez maintenant !",259,1,Antenne TNT TV numérique intérieure à gain élevé,15,43,18,908,0,N/A,N/A
https://www.jumia.ma/generic-pack-microphone-de-studio-avec-carte-son-v8-et-son-support-flexible-39794851.html,Pack Microphone de Studio avec carte son V8 et son Support Flexible,67,"Achetez Pack Microphone de Studio avec carte son V8 et son Support Flexible en ligne sur Jumia Maroc  ✔ Meilleur prix au Maroc disponible sur Jumia.ma ✔ Achat Microphones Generic pas cher, avis et prix en DH ➤ Livraison express & paiement à la livraison ✈ Commandez maintenant !",278,1,Pack Microphone de Studio avec carte son V8 et son Support Flexible,14,48,18,819,0,N/A,N/A
https://www.jumia.ma/camera-de-surveillance-wifi-360-2k-3mp-sans-fil-audio-micro-tapo-c210-tp-link-mpg1524612.html,TP-Link Camera de Surveillance WiFi 360° 2K 3MP sans Fil audio micro TAPO C210,78,"Achetez Camera de Surveillance WiFi 360° 2K 3MP sans Fil audio micro TAPO C210 en ligne sur Jumia Maroc  ✔ Meilleur prix au Maroc disponible sur Jumia.ma ✔ Achat Caméras dôme TP-Link pas cher, avis et prix en DH ➤ Livraison express & paiement à la livraison ✈ Commandez maintenant !",282,1,TP-Link Camera de Surveillance WiFi 360° 2K 3MP sans Fil audio micro TAPO C210,15,36,18,1055,0,N/A,N/A
https://www.jumia.ma/generic-projecteur-hy300-360-4k-et-android-12-dans-votre-main-67378560.html,"Projecteur HY300 : 360°, 4K et Android 12 dans votre main",57,"Achetez Projecteur HY300 : 360°, 4K et Android 12 dans votre main en ligne sur Jumia Maroc  ✔ Meilleur prix au Maroc disponible sur Jumia.ma ✔ Achat Vidéoprojecteurs Generic pas cher, avis et prix en DH ➤ Livraison express & paiement à la livraison ✈ Commandez maintenant !",273,1,"Projecteur HY300 : 360°, 4K et Android 12 dans votre main",12,35,19,890,0,N/A,N/A
https://www.jumia.ma/echolink-smart-tv-32-android-qled-recepteur-integre-tnt-hdmi-usb-support-65762035.html,"Echolink Smart TV 32"" Android QLED- Récepteur Intégré + TNT + HDMI + USB + Support",82,"Achetez Smart TV 32"" Android QLED- Récepteur Intégré + TNT + HDMI + USB + Support en ligne sur Jumia Maroc  ✔ Meilleur prix au Maroc disponible sur Jumia.ma ✔ Achat Smart TV Echolink pas cher, avis et prix en DH ➤ Livraison express & paiement à la livraison ✈ Commandez maintenant !",282,1,"Echolink Smart TV 32"" Android QLED- Récepteur Intégré + TNT + HDMI + USB + Support",14,21,18,920,0,N/A,N/A
https://www.jumia.ma/generic-camera-wifi-bulb-a-double-objectif-protection-de-securite-sans-fil-camera-a-suivi-automatique-cameras-de-surveillance-wifi-66104553.html,"Caméra WiFi Bulb à double objectif, protection de sécurité sans fil, caméra à suivi automatique, caméras de surveillance WiFi",125,"Achetez Caméra WiFi Bulb à double objectif, protection de sécurité sans fil, caméra à suivi automatique, caméras de surveillance WiFi en ligne sur Jumia Maroc  ✔ Meilleur prix au Maroc disponible sur Jumia.ma ✔ Achat Caméras Bullet Generic pas cher, avis et prix en DH ➤ Livraison express & paiement à la livraison ✈ Commandez maintenant !",339,1,"Caméra WiFi Bulb à double objectif, protection de sécurité sans fil, caméra à suivi automatique, caméras de surveillance WiFi",14,37,18,1061,0,N/A,N/A
https://www.jumia.ma/roch-led-smart-tv-43-pouce-android-13-frameless-avec-support-gratuit-12-mois-garantie-65756528.html,Roch LED - Smart TV - 43 pouce Android 13 Frameless avec support GRATUIT (12 mois garantie),91,"Achetez LED - Smart TV - 43 pouce Android 13 Frameless avec support GRATUIT (12 mois garantie) en ligne sur Jumia Maroc  ✔ Meilleur prix au Maroc disponible sur Jumia.ma ✔ Achat Smart TV Roch pas cher, avis et prix en DH ➤ Livraison express & paiement à la livraison ✈ Commandez maintenant !",291,1,Roch LED - Smart TV - 43 pouce Android 13 Frameless avec support GRATUIT (12 mois garantie),14,25,19,1102,0,N/A,N/A
https://www.jumia.ma/echolink-43-qled-4k-fhd-smart-tv-android-14-wi-fi-bluetooth-dvb-t2s2-support-67185513.html,"Echolink 43"" - QLED 4K FHD - SMART TV Android 14 - Wi-Fi, Bluetooth, DVB-T2/S2 + Support",88,"Achetez 43"" - QLED 4K FHD - SMART TV Android 14 - Wi-Fi, Bluetooth, DVB-T2/S2 + Support en ligne sur Jumia Maroc  ✔ Meilleur prix au Maroc disponible sur Jumia.ma ✔ Achat Smart TV Echolink pas cher, avis et prix en DH ➤ Livraison express & paiement à la livraison ✈ Commandez maintenant !",288,1,"Echolink 43"" - QLED 4K FHD - SMART TV Android 14 - Wi-Fi, Bluetooth, DVB-T2/S2 + Support",15,26,18,1051,0,N/A,N/A
https://www.jumia.ma/xiaomi-tv-a-2026-l55mb-ame-67165617.html,XIAOMI TV (A 2026) L55MB-AME,28,"Achetez TV (A 2026) L55MB-AME en ligne sur Jumia Maroc  ✔ Meilleur prix au Maroc disponible sur Jumia.ma ✔ Achat Smart TV XIAOMI pas cher, avis et prix en DH ➤ Livraison express & paiement à la livraison ✈ Commandez maintenant !",228,2,XIAOMI TV (A 2026) L55MB-AME | Xiaomi TV A 55 2026,14,24,20,1084,0,N/A,N/A
https://www.jumia.ma/generic-softbox-declairage-50x70cm-professional-avec-trepied-2m-noir-44161665.html,Softbox d’éclairage 50x70CM Professional avec trépied 2m - Noir,63,"Achetez Softbox d’éclairage 50x70CM Professional avec trépied 2m - Noir en ligne sur Jumia Maroc  ✔ Meilleur prix au Maroc disponible sur Jumia.ma ✔ Achat Studio photo Generic pas cher, avis et prix en DH ➤ Livraison express & paiement à la livraison ✈ Commandez maintenant !",275,1,Softbox d’éclairage 50x70CM Professional avec trépied 2m - Noir,15,42,18,955,0,N/A,N/A
https://www.jumia.ma/generic-telecommande-bluetooth-et-commande-vocale-pour-xiaomi-mi-stick-mi-box-mi-tv-64922783.html,"Télécommande Bluetooth et Commande vocale pour Xiaomi Mi Stick, Mi Box, MI TV",77,"Achetez Télécommande Bluetooth et Commande vocale pour Xiaomi Mi Stick, Mi Box, MI TV en ligne sur Jumia Maroc  ✔ Meilleur prix au Maroc disponible sur Jumia.ma ✔ Achat Télécommandes Generic pas cher, avis et prix en DH ➤ Livraison express & paiement à la livraison ✈ Commandez maintenant !",290,1,"Télécommande Bluetooth et Commande vocale pour Xiaomi Mi Stick, Mi Box, MI TV",14,38,18,1024,0,N/A,N/A
https://www.jumia.ma/joc-radio-coran-entier-nombreux-recitants-sira-nabawia-rokiya-charia-adkar-62059982.html,"Joc Radio Coran Entier, nombreux récitants, Sira nabawia, Rokiya charia, Adkar",78,"Achetez Radio Coran Entier, nombreux récitants, Sira nabawia, Rokiya charia, Adkar en ligne sur Jumia Maroc  ✔ Meilleur prix au Maroc disponible sur Jumia.ma ✔ Achat Radios Joc pas cher, avis et prix en DH ➤ Livraison express & paiement à la livraison ✈ Commandez maintenant !",276,1,"Joc Radio Coran Entier, nombreux récitants, Sira nabawia, Rokiya charia, Adkar",14,28,18,888,0,N/A,N/A
https://www.jumia.ma/generic-mini-projecteur-hy300-portable-android-12-wi-fi-6-360-ultra-hd-4k-bluetooth-66015323.html,Mini projecteur HY300 portable Android 12 Wi-Fi 6 360 ULTRA HD 4K Bluetooth,75,"Achetez Mini projecteur HY300 portable Android 12 Wi-Fi 6 360 ULTRA HD 4K Bluetooth en ligne sur Jumia Maroc  ✔ Meilleur prix au Maroc disponible sur Jumia.ma ✔ Achat Vidéoprojecteurs Generic pas cher, avis et prix en DH ➤ Livraison express & paiement à la livraison ✈ Commandez maintenant !",291,1,Mini projecteur HY300 portable Android 12 Wi-Fi 6 360 ULTRA HD 4K Bluetooth,14,36,18,1285,0,N/A,N/A
https://www.jumia.ma/generic-mini-projecteur-led-portable-haute-definition-1080p-66271340.html,Mini Projecteur LED Portable Haute Définition 1080P,51,"Achetez Mini Projecteur LED Portable Haute Définition 1080P en ligne sur Jumia Maroc  ✔ Meilleur prix au Maroc disponible sur Jumia.ma ✔ Achat Vidéoprojecteurs Generic pas cher, avis et prix en DH ➤ Livraison express & paiement à la livraison ✈ Commandez maintenant !",267,1,Mini Projecteur LED Portable Haute Définition 1080P,14,24,18,998,0,N/A,N/A
https://www.jumia.ma/43-smart-tv-processeur-crystal-4k-uhd-systeme-tizen-recepteur-integre-motion-xcelerator-noir-samsung-mpg1544621.html,"Samsung 43 4K UHD Smart TV Tizen Processeur Crystal, Récepteur Intégré Motion Xcelerator + Support Gratuit",106,"Achetez 43 4K UHD Smart TV Tizen Processeur Crystal, Récepteur Intégré Motion Xcelerator + Support Gratuit en ligne sur Jumia Maroc  ✔ Meilleur prix au Maroc disponible sur Jumia.ma ✔ Achat Smart TV Samsung pas cher, avis et prix en DH ➤ Livraison express & paiement à la livraison ✈ Commandez maintenant !",306,1,"Samsung 43 4K UHD Smart TV Tizen Processeur Crystal, Récepteur Intégré Motion Xcelerator + Support Gratuit",16,38,18,1102,0,N/A,N/A
https://www.jumia.ma/generic-ring-light-33cm-tripied-tripod-2m-et-support-telephone-selfie-video-photo-40821763.html,"Ring Light 33cm + Tripied Tripod 2M et Support Telephone, Selfie Video Photo",76,"Achetez Ring Light 33cm + Tripied Tripod 2M et Support Telephone, Selfie Video Photo en ligne sur Jumia Maroc  ✔ Meilleur prix au Maroc disponible sur Jumia.ma ✔ Achat Flash Generic pas cher, avis et prix en DH ➤ Livraison express & paiement à la livraison ✈ Commandez maintenant !",281,1,"Ring Light 33cm + Tripied Tripod 2M et Support Telephone, Selfie Video Photo",14,30,18,932,0,N/A,N/A
https://www.jumia.ma/hisense-smart-tv-43-uhd-4k-garantie-24-mois-67313923.html,Hisense Smart TV 43'' - UHD 4K - Garantie 24 Mois,49,"Achetez Smart TV 43'' - UHD 4K - Garantie 24 Mois en ligne sur Jumia Maroc  ✔ Meilleur prix au Maroc disponible sur Jumia.ma ✔ Achat Smart TV Hisense pas cher, avis et prix en DH ➤ Livraison express & paiement à la livraison ✈ Commandez maintenant !",249,1,Hisense Smart TV 43'' - UHD 4K - Garantie 24 Mois,13,33,17,1082,0,N/A,N/A
https://www.jumia.ma/generic-mini-camera-de-surveillance-sans-fil-a9-2mpsurveillance-wifiprotection-de-securitemoniteur-a-distancecamescopesvideo-surveillancecamera-cachee-66533403.html,"Mini caméra de surveillance sans fil A9 2MP,surveillance WiFi,protection de sécurité,moniteur à distance,caméscopes,vidéo surveillance,Caméra Cachée",148,"Achetez Mini caméra de surveillance sans fil A9 2MP,surveillance WiFi,protection de sécurité,moniteur à distance,caméscopes,vidéo surveillance,Caméra Cachée en ligne sur Jumia Maroc  ✔ Meilleur prix au Maroc disponible sur Jumia.ma ✔ Achat Caméras cachées Generic pas cher, avis et prix en DH ➤ Livraison express & paiement à la livraison ✈ Commandez maintenant !",363,1,"Mini caméra de surveillance sans fil A9 2MP,surveillance WiFi,protection de sécurité,moniteur à distance,caméscopes,vidéo surveillance,Caméra Cachée",14,33,19,1291,0,N/A,N/A
https://www.jumia.ma/generic-mini-projecteur-hy300-portable-android-12-wi-fi-6-360-ultra-hd-4k-bluetooth-67377972.html,Mini projecteur HY300 portable Android 12 Wi-Fi 6 360 ULTRA HD 4K Bluetooth,75,"Achetez Mini projecteur HY300 portable Android 12 Wi-Fi 6 360 ULTRA HD 4K Bluetooth en ligne sur Jumia Maroc  ✔ Meilleur prix au Maroc disponible sur Jumia.ma ✔ Achat Vidéoprojecteurs Generic pas cher, avis et prix en DH ➤ Livraison express & paiement à la livraison ✈ Commandez maintenant !",291,1,Mini projecteur HY300 portable Android 12 Wi-Fi 6 360 ULTRA HD 4K Bluetooth,13,29,19,890,0,N/A,N/A
https://www.jumia.ma/32-hd-smart-android-tv-usb-movie-hdmi-youtube-support-gratuit-morsat-mpg1544901.html,"MORSAT 32 HD Smart Android TV, USB Movie, HDMI, YouTube + Support Gratuit",73,"Achetez 32 HD Smart Android TV, USB Movie, HDMI, YouTube + Support Gratuit en ligne sur Jumia Maroc  ✔ Meilleur prix au Maroc disponible sur Jumia.ma ✔ Achat Smart TV MORSAT pas cher, avis et prix en DH ➤ Livraison express & paiement à la livraison ✈ Commandez maintenant !",273,1,"MORSAT 32 HD Smart Android TV, USB Movie, HDMI, YouTube + Support Gratuit",18,22,19,1015,0,N/A,N/A
https://www.jumia.ma/x96-x96q-pro-smart-tv-box-dual-wifi-4go32go-allwinner-h616-6k-android-15-60222551.html,X96 X96Q PRO Smart TV BOX Dual Wifi 4Go+32Go Allwinner H616 6K ANDROID 15,73,"Achetez X96Q PRO Smart TV BOX Dual Wifi 4Go+32Go Allwinner H616 6K ANDROID 15 en ligne sur Jumia Maroc  ✔ Meilleur prix au Maroc disponible sur Jumia.ma ✔ Achat TV Box X96 pas cher, avis et prix en DH ➤ Livraison express & paiement à la livraison ✈ Commandez maintenant !",271,1,X96 X96Q PRO Smart TV BOX Dual Wifi 4Go+32Go Allwinner H616 6K ANDROID 15,19,26,18,1194,0,N/A,N/A
https://www.jumia.ma/32-smart-tv-hd-google-tv-sans-cadre-bluetooth-dolby-audio-hdr-2-ans-garantie-support-daiko-mpg1544895.html,"Daiko 32 Smart TV HD Google TV sans cadre Bluetooth Dolby Audio, HDR, 2 ans garantie + Support",94,"Achetez 32 Smart TV HD Google TV sans cadre Bluetooth Dolby Audio, HDR, 2 ans garantie + Support en ligne sur Jumia Maroc  ✔ Meilleur prix au Maroc disponible sur Jumia.ma ✔ Achat Smart TV Daiko pas cher, avis et prix en DH ➤ Livraison express & paiement à la livraison ✈ Commandez maintenant !",294,1,"Daiko 32 Smart TV HD Google TV sans cadre Bluetooth Dolby Audio, HDR, 2 ans garantie + Support",15,26,18,1058,0,N/A,N/A
https://www.jumia.ma/generic-ensemble-complet-de-microphone-condensateur-avec-carte-son-67120235.html,Ensemble complet de microphone   condensateur avec Carte Son,60,"Achetez Ensemble complet de microphone   condensateur avec Carte Son  en ligne sur Jumia Maroc  ✔ Meilleur prix au Maroc disponible sur Jumia.ma ✔ Achat Microphones Generic pas cher, avis et prix en DH ➤ Livraison express & paiement à la livraison ✈ Commandez maintenant !",272,1,Ensemble complet de microphone   condensateur avec Carte Son,14,36,18,1162,0,N/A,N/A
https://www.jumia.ma/32-hd-ready-frameless-recepteur-integre-et-tnt-support-gratuit-revolution-mpg1544575.html,"REVOLUTION 32 HD Ready FrameLess, Récepteur intégré et TNT + Support gratuit",76,"Achetez 32 HD Ready FrameLess, Récepteur intégré et TNT + Support gratuit en ligne sur Jumia Maroc  ✔ Meilleur prix au Maroc disponible sur Jumia.ma ✔ Achat TV LED & LCD REVOLUTION pas cher, avis et prix en DH ➤ Livraison express & paiement à la livraison ✈ Commandez maintenant !",280,1,"REVOLUTION 32 HD Ready FrameLess, Récepteur intégré et TNT + Support gratuit",16,31,20,977,0,N/A,N/A
https://www.jumia.ma/xiaomi-tv-led-a-2025-fhd-l43ma-afme-65943039.html,XIAOMI Tv Led (A 2025) Fhd L43Ma-Afme,37,"Achetez Tv Led (A 2025) Fhd L43Ma-Afme en ligne sur Jumia Maroc  ✔ Meilleur prix au Maroc disponible sur Jumia.ma ✔ Achat TV LED & LCD XIAOMI pas cher, avis et prix en DH ➤ Livraison express & paiement à la livraison ✈ Commandez maintenant !",241,1,XIAOMI Tv Led (A 2025) Fhd L43Ma-Afme,16,33,22,791,0,N/A,N/A
https://www.jumia.ma/43-qled-4k-uhd-smart-google-tv-dolby-vision-hdr10-mince-corps-uni-support-gratuit-43p7k-tcl-mpg1544569.html,"TCL 43 QLED 4K UHD Smart Google TV, Dolby Vision HDR10+, Mince & Corps Uni + Support gratuit, 43P7K",99,"Achetez 43 QLED 4K UHD Smart Google TV, Dolby Vision HDR10+, Mince & Corps Uni + Support gratuit, 43P7K en ligne sur Jumia Maroc  ✔ Meilleur prix au Maroc disponible sur Jumia.ma ✔ Achat Smart TV TCL pas cher, avis et prix en DH ➤ Livraison express & paiement à la livraison ✈ Commandez maintenant !",299,1,"TCL 43 QLED 4K UHD Smart Google TV, Dolby Vision HDR10+, Mince & Corps Uni + Support gratuit, 43P7K",16,44,28,1211,0,N/A,N/A
https://www.jumia.ma/generic-telecommande-universelle-compatible-samsung-smart-tv-66179196.html,Télécommande Universelle Compatible Samsung Smart TV,52,"Achetez Télécommande Universelle Compatible Samsung Smart TV en ligne sur Jumia Maroc  ✔ Meilleur prix au Maroc disponible sur Jumia.ma ✔ Achat Télécommandes TV Generic pas cher, avis et prix en DH ➤ Livraison express & paiement à la livraison ✈ Commandez maintenant !",268,1,Télécommande Universelle Compatible Samsung Smart TV,14,36,18,829,0,N/A,N/A
https://www.jumia.ma/tp-link-camera-de-surveillance-wifi-ip-1080p-ptz-360-audio-bi-fhd-tapo-c500-63613261.html,TP-Link Caméra de Surveillance WiFi IP 1080P PTZ 360° Audio Bi FHD Tapo C500,76,"Achetez Caméra de Surveillance WiFi IP 1080P PTZ 360° Audio Bi FHD Tapo C500 en ligne sur Jumia Maroc  ✔ Meilleur prix au Maroc disponible sur Jumia.ma ✔ Achat Caméras Bullet TP-Link pas cher, avis et prix en DH ➤ Livraison express & paiement à la livraison ✈ Commandez maintenant !",282,1,TP-Link Caméra de Surveillance WiFi IP 1080P PTZ 360° Audio Bi FHD Tapo C500,14,37,18,1008,0,N/A,N/A
https://www.jumia.ma/32-hd-smart-tv-systeme-whaleos-dolby-audio-recepteur-integre-tnt-hd-support-gratuit-sonic-mpg1544670.html,"Sonic 32 HD Smart tv Système WhaleOS, Dolby Audio, Récepteur Intégré, TNT HD + Support Gratuit",94,"Achetez 32 HD Smart tv Système WhaleOS, Dolby Audio, Récepteur Intégré, TNT HD + Support Gratuit en ligne sur Jumia Maroc  ✔ Meilleur prix au Maroc disponible sur Jumia.ma ✔ Achat Smart TV Sonic pas cher, avis et prix en DH ➤ Livraison express & paiement à la livraison ✈ Commandez maintenant !",294,1,"Sonic 32 HD Smart tv Système WhaleOS, Dolby Audio, Récepteur Intégré, TNT HD + Support Gratuit",17,21,18,1060,0,N/A,N/A
https://www.jumia.ma/generic-camera-cachee1080p-wifi-mini-cameras-ip-p2p-micro-camescope-telephone-65844105.html,caméra cachée1080P  WiFi Mini caméras IP P2P Micro caméscope téléphone,70,"Achetez caméra cachée1080P  WiFi Mini caméras IP P2P Micro caméscope téléphone en ligne sur Jumia Maroc  ✔ Meilleur prix au Maroc disponible sur Jumia.ma ✔ Achat Caméras cachées Generic pas cher, avis et prix en DH ➤ Livraison express & paiement à la livraison ✈ Commandez maintenant !",285,1,caméra cachée1080P  WiFi Mini caméras IP P2P Micro caméscope téléphone,14,33,19,971,0,N/A,N/A
https://www.jumia.ma/xiaomi-tv-65-a-2026-l65mb-ame-67139790.html,XIAOMI TV 65” (A 2026) L65MB-AME,32,"Achetez TV 65” (A 2026) L65MB-AME en ligne sur Jumia Maroc  ✔ Meilleur prix au Maroc disponible sur Jumia.ma ✔ Achat Smart TV XIAOMI pas cher, avis et prix en DH ➤ Livraison express & paiement à la livraison ✈ Commandez maintenant !",232,1,XIAOMI TV 65” (A 2026) L65MB-AME,14,34,28,1385,0,N/A,N/A
https://www.jumia.ma/ip-station-pro-15-smart-tv-box-2025-exclusivement-android-15-avec-trois-abonnements-67170329.html,IP STATION PRO 15 SMART TV BOX 2025 EXCLUSIVEMENT ANDROID 15 + Avec Trois abonnements,85,"Achetez PRO 15 SMART TV BOX 2025 EXCLUSIVEMENT ANDROID 15 + Avec Trois abonnements  en ligne sur Jumia Maroc  ✔ Meilleur prix au Maroc disponible sur Jumia.ma ✔ Achat TV Box IP STATION pas cher, avis et prix en DH ➤ Livraison express & paiement à la livraison ✈ Commandez maintenant !",284,1,IP STATION PRO 15 SMART TV BOX 2025 EXCLUSIVEMENT ANDROID 15 + Avec Trois abonnements,15,26,18,1025,0,N/A,N/A
https://www.jumia.ma/xiaomi-tv-stick-4k-eu-61402082.html,XIAOMI TV Stick 4K-EU,21,"Achetez TV Stick 4K-EU en ligne sur Jumia Maroc  ✔ Meilleur prix au Maroc disponible sur Jumia.ma ✔ Achat TV Box XIAOMI pas cher, avis et prix en DH ➤ Livraison express & paiement à la livraison ✈ Commandez maintenant !",219,1,XIAOMI TV Stick 4K-EU,14,20,12,905,0,N/A,N/A
https://www.jumia.ma/generic-stylo-a-bascule-de-presentation-sans-fil-usb-2.4ghz-avec-telecommande-et-lumiere-rouge-pointeur-laser-65591144.html,"Stylo à Bascule de Présentation Sans Fil USB 2.4GHz, avec Télécommande et Lumière Rouge Pointeur laser",102,"Achetez Stylo à Bascule de Présentation Sans Fil USB 2.4GHz, avec Télécommande et Lumière Rouge Pointeur laser en ligne sur Jumia Maroc  ✔ Meilleur prix au Maroc disponible sur Jumia.ma ✔ Achat Télécommandes de présentation Generic pas cher, avis et prix en DH ➤ Livraison express & paiement à la livraison ✈ Commandez maintenant !",331,2,"Stylo à Bascule de Présentation Sans Fil USB 2.4GHz, avec Télécommande et Lumière Rouge Pointeur laser | Pointeur laser sans fil DW PP-927",15,34,18,1039,0,N/A,N/A
https://www.jumia.ma/daiko-32-hd-smart-google-tv-sans-cadre-bluetooth-dolby-audio-hlg-hdr-2-ans-de-garantie-66589324.html,"Daiko 32 HD Smart Google TV sans cadre Bluetooth Dolby Audio HLG HDR, 2 ans de garantie",87,"Achetez 32 HD Smart Google TV sans cadre Bluetooth Dolby Audio HLG HDR, 2 ans de garantie en ligne sur Jumia Maroc  ✔ Meilleur prix au Maroc disponible sur Jumia.ma ✔ Achat Smart TV Daiko pas cher, avis et prix en DH ➤ Livraison express & paiement à la livraison ✈ Commandez maintenant !",287,1,"Daiko 32 HD Smart Google TV sans cadre Bluetooth Dolby Audio HLG HDR, 2 ans de garantie",14,29,19,1001,0,N/A,N/A
https://www.jumia.ma/generic-able-hdmi-to-displayport-4k-adapter-dp-male-to-hdmi-male-converter-4k-65947167.html,able hdmi to displayport 4K adapter DP Male To HDMI Male Converter 4K,69,"Achetez able hdmi to displayport 4K adapter DP Male To HDMI Male Converter 4K en ligne sur Jumia Maroc  ✔ Meilleur prix au Maroc disponible sur Jumia.ma ✔ Achat Câbles HDMI Generic pas cher, avis et prix en DH ➤ Livraison express & paiement à la livraison ✈ Commandez maintenant !",280,1,able hdmi to displayport 4K adapter DP Male To HDMI Male Converter 4K,14,28,18,869,0,N/A,N/A
https://www.jumia.ma/55-qled-4k-uhd-smart-google-tv-dolby-vision-hdr10-hdmi-x4-2-ans-garantie-support-gratuit-h55s80fux-haier-mpg1544812.html,"Haier 55 QLED 4K UHD Smart Google TV, Dolby Vision, HDR10+, HDMI x4, 2 ans garantie + Support Gratuit, H55S80FUX",112,"Achetez 55 QLED 4K UHD Smart Google TV, Dolby Vision, HDR10+, HDMI x4, 2 ans garantie + Support Gratuit, H55S80FUX en ligne sur Jumia Maroc  ✔ Meilleur prix au Maroc disponible sur Jumia.ma ✔ Achat Smart TV Haier pas cher, avis et prix en DH ➤ Livraison express & paiement à la livraison ✈ Commandez maintenant !",312,1,"Haier 55 QLED 4K UHD Smart Google TV, Dolby Vision, HDR10+, HDMI x4, 2 ans garantie + Support Gratuit, H55S80FUX",14,43,21,1065,0,N/A,N/A
https://www.jumia.ma/vision-smart-tv-led-50-android-abonnement-chaine-12-mois-67315508.html,"Vision Smart Tv Led 50"" Android + Abonnement Chaine 12 Mois",59,"Achetez Smart Tv Led 50"" Android + Abonnement Chaine 12 Mois en ligne sur Jumia Maroc  ✔ Meilleur prix au Maroc disponible sur Jumia.ma ✔ Achat Smart TV Vision pas cher, avis et prix en DH ➤ Livraison express & paiement à la livraison ✈ Commandez maintenant !",259,1,"Vision Smart Tv Led 50"" Android + Abonnement Chaine 12 Mois",12,25,19,943,0,N/A,N/A
https://www.jumia.ma/echolink-televiseur-intelligent-43-pouces-qled-full-hd-avec-android-14-hdmi-dvb-s2t2-67171586.html,"Echolink Téléviseur Intelligent 43 Pouces QLED Full HD avec Android 14, HDMI, DVB S2/T2",87,"Achetez Téléviseur Intelligent 43 Pouces QLED Full HD avec Android 14, HDMI, DVB S2/T2 en ligne sur Jumia Maroc  ✔ Meilleur prix au Maroc disponible sur Jumia.ma ✔ Achat Smart TV Echolink pas cher, avis et prix en DH ➤ Livraison express & paiement à la livraison ✈ Commandez maintenant !",287,1,"Echolink Téléviseur Intelligent 43 Pouces QLED Full HD avec Android 14, HDMI, DVB S2/T2",14,22,19,941,0,N/A,N/A
https://www.jumia.ma/generic-microphone-professionnel-all-in-one-carte-son-x50-bluetooth-rgb-et-microphone-bm800-condensateur-cardioide-avec-support-et-antichoc-anti-pop-pour-gaming-streaming-studio-podcast-67162881.html,"Microphone professionnel All In One Carte Son X50 Bluetooth RGB et Microphone BM800, condensateur, cardioïde, avec support et antichoc + anti-pop + pour gaming, streaming, studio, podcast",187,"Achetez Microphone professionnel All In One Carte Son X50 Bluetooth RGB et Microphone BM800, condensateur, cardioïde, avec support et antichoc + anti-pop + pour gaming, streaming, studio, podcast en ligne sur Jumia Maroc  ✔ Meilleur prix au Maroc disponible sur Jumia.ma ✔ Achat Microphones Generic pas cher, avis et prix en DH ➤ Livraison express & paiement à la livraison ✈ Commandez maintenant !",398,1,"Microphone professionnel All In One Carte Son X50 Bluetooth RGB et Microphone BM800, condensateur, cardioïde, avec support et antichoc + anti-pop + pour gaming, streaming, studio, podcast",15,38,22,1040,0,N/A,N/A
https://www.jumia.ma/generic-bague-bluetooth-scrolling-ring-telecommande-tactile-pour-tiktok-controle-musique-video-defilement-de-pages-ios-android-compatible-67060080.html,"Bague Bluetooth Scrolling Ring – Télécommande Tactile pour TikTok, Contrôle Musique & Vidéo, Défilement de Pages – iOS / Android Compatible",139,"Achetez Bague Bluetooth Scrolling Ring – Télécommande Tactile pour TikTok, Contrôle Musique & Vidéo, Défilement de Pages – iOS / Android Compatible en ligne sur Jumia Maroc  ✔ Meilleur prix au Maroc disponible sur Jumia.ma ✔ Achat Gadgets Generic pas cher, avis et prix en DH ➤ Livraison express & paiement à la livraison ✈ Commandez maintenant !",346,1,"Bague Bluetooth Scrolling Ring – Télécommande Tactile pour TikTok, Contrôle Musique & Vidéo, Défilement de Pages – iOS / Android Compatible",15,48,30,1055,0,N/A,N/A
https://www.jumia.ma/ezviz-camera-h6c-pro-1080p-wi-fi-panoramique-intelligente-2-mp-rotation-360-avec-patrouille-automatique-suivi-de-mouvement-journuit-2mp-smart-color-night-vision-h6c-pro-1080-66154738.html,"Ezviz Caméra H6C PRO 1080P Wi-Fi panoramique intelligente 2 MP, Rotation 360° avec patrouille automatique, suivi de mouvement, Jour/nuit 2MP Smart Color Night Vision, H6C PRO 1080",179,"Achetez Caméra H6C PRO 1080P Wi-Fi panoramique intelligente 2 MP, Rotation 360° avec patrouille automatique, suivi de mouvement, Jour/nuit 2MP Smart Color Night Vision, H6C PRO 1080 en ligne sur Jumia Maroc  ✔ Meilleur prix au Maroc disponible sur Jumia.ma ✔ Achat Caméras dôme Ezviz pas cher, avis et prix en DH ➤ Livraison express & paiement à la livraison ✈ Commandez maintenant !",383,1,"Ezviz Caméra H6C PRO 1080P Wi-Fi panoramique intelligente 2 MP, Rotation 360° avec patrouille automatique, suivi de mouvement, Jour/nuit 2MP Smart Color Night Vision, H6C PRO 1080",14,39,18,1459,0,N/A,N/A
https://www.jumia.ma/generic-mini-camera-wifi-1080p-hd-surveillance-interieure-securite-ip-avec-vision-nocturne-et-audio-detection-de-mouvement-intelligente-66287704.html,Mini caméra WiFi 1080P HD – Surveillance Intérieure Sécurité IP avec Vision Nocturne et Audio détection de mouvement intelligente,129,"Achetez Mini caméra WiFi 1080P HD – Surveillance Intérieure Sécurité IP avec Vision Nocturne et Audio détection de mouvement intelligente en ligne sur Jumia Maroc  ✔ Meilleur prix au Maroc disponible sur Jumia.ma ✔ Achat Caméras cachées Generic pas cher, avis et prix en DH ➤ Livraison express & paiement à la livraison ✈ Commandez maintenant !",344,1,Mini caméra WiFi 1080P HD – Surveillance Intérieure Sécurité IP avec Vision Nocturne et Audio détection de mouvement intelligente,15,58,18,1182,0,N/A,N/A
https://www.jumia.ma/echolink-recepteur-tv-bravo-dvb-s2-mini-65762015.html,Echolink Récepteur TV Bravo DVB-S2 Mini,39,"Achetez Récepteur TV Bravo DVB-S2 Mini en ligne sur Jumia Maroc  ✔ Meilleur prix au Maroc disponible sur Jumia.ma ✔ Achat Récepteurs Satellite Echolink pas cher, avis et prix en DH ➤ Livraison express & paiement à la livraison ✈ Commandez maintenant !",251,1,Echolink Récepteur TV Bravo DVB-S2 Mini,14,21,18,880,0,N/A,N/A
https://www.jumia.ma/xiaomi-tv-box-s-4k-ultra-hd-3eme-generation-hdr10dolby-visionr-google-tvtm-2go-ddr4-32go-wi-fi-6-mi-32gb-wifi-modele-2025-garantie-1-an-67223575.html,XIAOMI TV Box S 4K Ultra HD 3ème Génération HDR10+/Dolby Vision® - Google TV™ 2Go DDR4 / 32Go Wi-Fi 6 MI 32GB WiFi Modèle 2025 Garantie 1 an,140,"Achetez TV Box S 4K Ultra HD 3ème Génération HDR10+/Dolby Vision® - Google TV™ 2Go DDR4 / 32Go Wi-Fi 6 MI 32GB WiFi Modèle 2025 Garantie 1 an en ligne sur Jumia Maroc  ✔ Meilleur prix au Maroc disponible sur Jumia.ma ✔ Achat TV Box XIAOMI pas cher, avis et prix en DH ➤ Livraison express & paiement à la livraison ✈ Commandez maintenant !",338,1,XIAOMI TV Box S 4K Ultra HD 3ème Génération HDR10+/Dolby Vision® - Google TV™ 2Go DDR4 / 32Go Wi-Fi 6 MI 32GB WiFi Modèle 2025 Garantie 1 an,16,35,19,1089,0,N/A,N/A
https://www.jumia.ma/support-tv-mural-pour-ecran-led-14-42-.-25kg-avec-accessoire-de-fixation-revolution-galaxy-mpg1544842.html,REVOLUTiON Galaxy Support TV mural pour écran LED 14'' - 42'' . 25Kg Avec accessoire de fixation,96,"Achetez Support TV mural pour écran LED 14'' - 42'' . 25Kg Avec accessoire de fixation en ligne sur Jumia Maroc  ✔ Meilleur prix au Maroc disponible sur Jumia.ma ✔ Achat TV plafond et supports muraux REVOLUTiON Galaxy pas cher, avis et prix en DH ➤ Livraison express & paiement à la livraison ✈ Commandez maintenant !",317,1,REVOLUTiON Galaxy Support TV mural pour écran LED 14'' - 42'' . 25Kg Avec accessoire de fixation,14,21,18,898,0,N/A,N/A
https://www.jumia.ma/generic-camera-de-securite-exterieure-avec-ampoule-3mp-wifi-2.4g-360-67153907.html,Caméra de sécurité extérieure avec ampoule 3mp WiFi 2.4G -360°,62,"Achetez Caméra de sécurité extérieure avec ampoule 3mp WiFi 2.4G -360° en ligne sur Jumia Maroc  ✔ Meilleur prix au Maroc disponible sur Jumia.ma ✔ Achat Caméras cachées Generic pas cher, avis et prix en DH ➤ Livraison express & paiement à la livraison ✈ Commandez maintenant !",277,1,Caméra de sécurité extérieure avec ampoule 3mp WiFi 2.4G -360°,12,43,19,993,0,N/A,N/A
https://www.jumia.ma/camera-surveillance-wifitapo-camera-ip-1080p-sans-fil-tp-link-mpg1524610.html,TP-Link Caméra de Surveillance WiFi-MICRO IP 1080P sans Fil Tapo C200C,70,"Achetez Caméra de Surveillance WiFi-MICRO IP 1080P sans Fil Tapo C200C en ligne sur Jumia Maroc  ✔ Meilleur prix au Maroc disponible sur Jumia.ma ✔ Achat Caméras de surveillance TP-Link pas cher, avis et prix en DH ➤ Livraison express & paiement à la livraison ✈ Commandez maintenant !",285,1,TP-Link Caméra de Surveillance WiFi-MICRO IP 1080P sans Fil Tapo C200C,16,32,18,1153,0,N/A,N/A
